{
    "0": [
        -0.70710678118654757274,
        -0.23570226039551589459,
        0.23570226039551578356,
        0.70710678118654757274,
        -0.70710678118654757274,
        -0.23570226039551589459,
        0.23570226039551578356,
        0.70710678118654757274,
        -0.70710678118654757274,
        -0.23570226039551589459,
        0.23570226039551578356,
        0.70710678118654757274,
        -0.70710678118654757274,
        -0.23570226039551589459,
        0.23570226039551578356,
        0.70710678118654757274
    ],
    "1": [
        -0.70710678118654757274,
        -0.70710678118654757274,
        -0.70710678118654757274,
        -0.70710678118654757274,
        -0.23570226039551589459,
        -0.23570226039551589459,
        -0.23570226039551589459,
        -0.23570226039551589459,
        0.23570226039551578356,
        0.23570226039551578356,
        0.23570226039551578356,
        0.23570226039551578356,
        0.70710678118654757274,
        0.70710678118654757274,
        0.70710678118654757274,
        0.70710678118654757274
    ]
}